Const,Rotten Tomatoes
tt0022599,100%
tt0257360,85%
tt0081974,81%
tt0041090,96%
tt0268126,91%
tt0101273,73%
tt0029843,100%
tt0118564,88%
tt0043265,98%
tt0021577,90%
tt0068182,96%
tt0212720,75%
tt0080339,97%
tt0103639,95%
tt0029850,96%
tt0071115,88%
tt0064002,63%
tt0090605,97%
tt0042192,99%
tt0185125,98%
tt0020629,98%
tt0047811,90%
tt0041113,97%
tt0074119,94%
tt0086879,93%
tt0071129,87%
tt0211915,89%
tt0056825,67%
tt0075675,91%
tt0069704,96%
tt0043278,96%
tt0057840,93%
tt0181288,94%
tt0245712,93%
tt0048947,93%
tt0052561,100%
tt0053602,80%
tt0038303,88%
tt0020641,NA
tt0075686,96%
tt0053604,93%
tt0078788,98%
tt0112384,96%
tt0118632,90%
tt0085180,97%
tt0052080,96%
tt0042208,97%
tt0024844,100%
tt0080388,100%
tt0092593,97%
tt0053619,94%
tt0028597,93%
tt0092603,97%
tt0048973,85%
tt0088763,96%
tt0044391,79%
tt0047849,97%
tt0069762,97%
tt0030127,100%
tt0033373,100%
tt0065446,94%
tt0034492,91%
tt0045537,100%
tt0069765,92%
tt0032234,100%
tt0092618,79%
tt0072684,91%
tt0101410,90%
tt0058946,99%
tt0082053,85%
tt0159272,80%
tt0038348,NA
tt0101414,94%
tt0065651,75%
tt0094721,85%
tt0247196,73%
tt0110882,92%
tt0120601,94%
tt0078841,95%
tt0061395,95%
tt0052618,86%
tt0080196,NA
tt0036868,98%
tt0086960,83%
tt0040522,98%
tt0085244,69%
tt0040160,100%
tt0052216,89%
tt0045555,100%
tt0115678,96%
tt0080437,90%
tt0044419,89%
tt0038355,97%
tt0056868,94%
tt0094746,78%
tt0056869,95%
tt0086969,83%
tt0039192,100%
tt0053146,87%
tt0101465,92%
tt0071230,88%
tt0280491,92%
tt0060176,88%
tt0077248,98%
tt0090756,94%
tt0064100,79%
tt0047892,97%
tt0082089,98%
tt0061418,88%
tt0118749,93%
tt0096969,85%
tt0042276,97%
tt0064106,100%
tt0074235,83%
tt0171804,89%
tt0101507,96%
tt0088846,98%
tt0046159,NA
tt0080310,100%
tt0088847,89%
tt0078902,95%
tt0115751,85%
tt0053472,97%
tt0061955,82%
tt0050212,96%
tt0037558,91%
tt0103882,95%
tt0029947,94%
tt0092699,98%
tt0103888,100%
tt0077280,100%
tt0094812,97%
tt0062765,98%
tt0049038,80%
tt0064115,89%
tt0118804,77%
tt0080482,NA
tt0046022,97%
tt0068327,93%
tt0046816,92%
tt0077289,54%
tt0260775,87%
tt0061439,41%
tt0028683,93%
tt0028691,94%
tt0046828,77%
tt0066892,87%
tt0034583,99%
tt0051459,97%
tt0065528,79%
tt0023876,64%
tt0154420,91%
tt0112769,93%
tt0083728,96%
tt0082158,82%
tt0069865,84%
tt0299658,86%
tt0120630,97%
tt0021739,100%
tt0071315,99%
tt0068205,91%
tt0241303,62%
tt0124315,71%
tt0029995,89%
tt0033467,99%
tt0065772,96%
tt0071622,100%
tt0066921,87%
tt0075860,94%
tt0100234,88%
tt0112697,NA
tt0080549,86%
tt0090863,89%
tt0044509,78%
tt0077362,85%
tt0065571,98%
tt0045646,NA
tt0057345,91%
tt0071360,96%
tt0061512,100%
tt0025004,86%
tt0046874,86%
tt0052708,94%
tt0050634,96%
tt0069467,91%
tt0039286,82%
tt0109508,95%
tt0043436,89%
tt0104036,94%
tt0051516,78%
tt0064118,88%
tt0088987,91%
tt0094947,93%
tt0085398,43%
tt0083789,83%
tt0093664,100%
tt0031210,88%
tt0059084,67%
tt0026266,100%
tt0062864,91%
tt0077402,94%
tt0070460,97%
tt0069947,89%
tt0043456,95%
tt0077405,93%
tt0055895,100%
tt0092843,93%
tt0097162,83%
tt0028773,91%
tt0112818,95%
tt0037635,93%
tt0094964,83%
tt0067445,68%
tt0043458,NA
tt0092337,NA
tt0066122,85%
tt0077416,91%
tt0051525,92%
tt0068473,89%
tt0089017,84%
tt0031225,96%
tt0046911,96%
tt0046912,89%
tt0058249,87%
tt0042619,95%
tt0095016,94%
tt0083833,93%
tt0023948,91%
tt0061578,80%
tt0066999,88%
tt0095031,88%
tt0068361,98%
tt0019823,NA
tt0069737,NA
tt0082269,96%
tt0055913,100%
tt0097216,93%
tt0022835,90%
tt0057012,98%
tt0059113,84%
tt0027532,90%
tt0053779,96%
tt0119008,88%
tt0061589,100%
tt0036775,97%
tt0090967,87%
tt0021814,94%
tt0120449,93%
tt0080661,81%
tt0085461,100%
tt0097239,82%
tt0092929,92%
tt0097240,100%
tt0023969,91%
tt0075968,92%
tt0033563,98%
tt0048028,85%
tt0028816,100%
tt0111797,88%
tt0071458,73%
tt0056801,98%
tt0095082,86%
tt0080678,93%
tt0053793,94%
tt0092965,75%
tt0097276,88%
tt0037674,98%
tt0116209,85%
tt0053796,77%
tt0085370,100%
tt0083866,99%
tt0099776,95%
tt0079854,100%
tt0070047,83%
tt0056732,93%
tt0050371,88%
tt0074147,76%
tt0062952,83%
tt0087545,NA
tt0083922,100%
tt0032455,95%
tt0106332,86%
tt0297884,87%
tt0116282,94%
tt0119107,91%
tt0285441,91%
tt0068575,100%
tt0093010,76%
tt0042451,90%
tt0064940,78%
tt0064323,80%
tt0100263,89%
tt0101889,84%
tt0059619,92%
tt0083946,79%
tt0065724,88%
tt0087265,84%
tt0051622,95%
tt0040366,100%
tt0035896,71%
tt0043686,100%
tt0040367,100%
tt0060424,96%
tt0053198,98%
tt0021884,100%
tt0067116,98%
tt0068611,90%
tt0049233,88%
tt0045793,90%
tt0039402,75%
tt0093058,92%
tt0119164,96%
tt0050419,87%
tt0062994,93%
tt0027652,100%
tt0082432,91%
tt0083987,85%
tt0217505,73%
tt0065777,100%
tt0104321,81%
tt0036855,88%
tt0045935,100%
tt0045814,100%
tt0120706,82%
tt0053856,100%
tt0045808,86%
tt0045810,98%
tt0060453,91%
tt0067128,85%
tt0078122,88%
tt0162346,93%
tt0049261,91%
tt0051658,82%
tt0065780,93%
tt0049263,75%
tt0054225,NA
tt0247380,93%
tt0066773,NA
tt0067144,100%
tt0068646,97%
tt0071562,96%
tt0036872,81%
tt0058150,99%
tt0031381,90%
tt0060196,97%
tt0028944,95%
tt0031385,83%
tt0099685,96%
tt0280707,86%
tt0061722,87%
tt0022958,86%
tt0028950,97%
tt0032551,100%
tt0032553,93%
tt0038574,100%
tt0049280,NA
tt0032554,100%
tt0044672,50%
tt0038577,73%
tt0082477,95%
tt0099703,91%
tt0107048,96%
tt0042531,100%
tt0031398,92%
tt0036891,95%
tt0079261,82%
tt0040416,95%
tt0171359,59%
tt0076123,100%
tt0091167,91%
tt0147612,82%
tt0058182,98%
tt0074605,100%
tt0071598,90%
tt0050487,NA
tt0068687,92%
tt0082508,100%
tt0102015,100%
tt0084058,79%
tt0097493,93%
tt0070165,89%
tt0087400,NA
tt0041452,100%
tt0097499,100%
tt0036910,100%
tt0122529,89%
tt0033712,100%
tt0057565,95%
tt0047086,40%
tt0139362,76%
tt0095302,100%
tt0044706,95%
tt0033717,91%
tt0059274,71%
tt0052893,98%
tt0032599,99%
tt0070188,100%
tt0110057,98%
tt0093209,95%
tt0095341,100%
tt0274558,79%
tt0107152,50%
tt0093223,96%
tt0033729,89%
tt0045891,84%
tt0104454,94%
tt0057163,83%
tt0089310,NA
tt0104466,93%
tt0054997,96%
tt0037800,100%
tt0040458,100%
tt0051758,94%
tt0063850,92%
tt0044741,98%
tt0052911,88%
tt0052918,81%
tt0061809,83%
tt0247425,93%
tt0061811,95%
tt0026529,94%
tt0053946,93%
tt0140352,96%
tt0099850,88%
tt0059319,97%
tt0025316,99%
tt0025318,94%
tt0038650,94%
tt0050556,80%
tt0073195,98%
tt0018037,78%
tt0091288,96%
tt0116695,84%
tt0047136,94%
tt0073219,NA
tt0055031,92%
tt0099902,100%
tt0055032,93%
tt0059229,79%
tt0068786,92%
tt0080979,88%
tt0038669,100%
tt0087553,93%
tt0041546,100%
tt0049408,93%
tt0024216,98%
tt0067306,67%
tt0085794,89%
tt0068805,70%
tt0089424,87%
tt0067309,93%
tt0056291,100%
tt0079417,88%
tt0119488,99%
tt0071733,100%
tt0033804,100%
tt0030341,98%
tt0110296,75%
tt0110299,91%
tt0070287,71%
tt0093389,89%
tt0080610,86%
tt0067328,100%
tt0110308,94%
tt0070849,83%
tt0095497,81%
tt0077838,98%
tt0037008,100%
tt0044829,100%
tt0056172,94%
tt0104694,80%
tt0113627,91%
tt0057091,100%
tt0032701,100%
tt0041587,95%
tt0053002,88%
tt0036112,97%
tt0100024,92%
tt0029146,82%
tt0039566,92%
tt0103994,87%
tt0046000,100%
tt0065988,96%
tt0021079,92%
tt0033836,100%
tt0046004,93%
tt0046006,NA
tt0095574,100%
tt0024264,89%
tt0110367,NA
tt0026643,100%
tt0113677,88%
tt0085859,100%
tt0082671,100%
tt0048308,82%
tt0056193,91%
tt0116905,94%
tt0056194,70%
tt0056196,94%
tt0070334,94%
tt0081070,97%
tt0032728,100%
tt0056197,87%
tt0051879,92%
tt0029162,93%
tt0089504,97%
tt0037884,98%
tt0067814,NA
tt0031593,86%
tt0073312,100%
tt0085843,55%
tt0050658,85%
tt0258273,86%
tt0078771,58%
tt0055100,91%
tt0052556,NA
tt0059415,94%
tt0066017,NA
tt0049456,85%
tt0022100,100%
tt0079501,90%
tt0110428,93%
tt0073822,92%
tt0035019,100%
tt0033868,93%
tt0029192,100%
tt0104797,89%
tt0033870,100%
tt0060665,83%
tt0033873,92%
tt0033874,86%
tt0076155,82%
tt0243133,81%
tt0048347,81%
tt0056218,97%
tt0079522,94%
tt0091480,78%
tt0058335,80%
tt0095593,89%
tt0044888,57%
tt0048356,99%
tt0058331,96%
tt0066026,84%
tt0098532,NA
tt0027951,NA
tt0067411,84%
tt0070379,96%
tt0037059,100%
tt0081150,91%
tt0063291,92%
tt0074891,NA
tt0042727,77%
tt0092068,80%
tt0100142,93%
tt0031647,93%
tt0064665,87%
tt0067433,80%
tt0037077,86%
tt0039628,96%
tt0056241,96%
tt0026725,85%
tt0055184,97%
tt0084335,94%
tt0100200,80%
tt0027996,91%
tt0046487,100%
tt0048380,93%
tt0031679,85%
tt0035093,95%
tt0081176,92%
tt0091538,97%
tt0039631,97%
tt0198781,96%
tt0084354,100%
tt0093565,94%
tt0036172,NA
tt0060714,68%
tt0032811,100%
tt0117091,88%
tt0044926,73%
tt0023240,NA
tt0107616,90%
tt0166924,84%
tt0067778,94%
tt0026752,93%
tt0091578,98%
tt0038762,100%
tt0082783,92%
tt0058385,95%
tt0097937,98%
tt0089606,100%
tt0028010,97%
tt0064612,95%
tt0102494,79%
tt0096863,100%
tt0050706,93%
tt0095705,88%
tt0073440,91%
tt0077975,90%
tt0037120,100%
tt0074958,92%
tt0054198,67%
tt0073453,82%
tt0048424,95%
tt0063350,96%
tt0051994,100%
tt0087800,95%
tt0074084,55%
tt0031725,97%
tt0110684,91%
tt0079638,90%
tt0053125,97%
tt0058415,NA
tt0038787,96%
tt0035140,91%
tt0084423,83%
tt0053131,83%
tt0039677,100%
tt0031742,100%
tt0048445,88%
tt0040662,100%
tt0042804,90%
tt0053137,77%
tt0041716,93%
tt0047296,99%
tt0102592,94%
tt0073486,94%
tt0033980,100%
tt0023303,83%
tt0025601,71%
tt0058429,100%
tt0055256,91%
tt0031762,100%
tt0038890,100%
tt0059549,75%
tt0120777,80%
tt0081283,89%
tt0035160,100%
tt0045251,87%
tt0032881,86%
tt0039689,95%
tt0075029,90%
tt0038821,NA
tt0036244,91%
tt0064782,27%
tt0038823,100%
tt0035169,97%
tt0071970,90%
tt0087892,77%
tt0064793,100%
tt0048473,97%
tt0050825,96%
tt0066206,94%
tt0059575,84%
tt0069067,50%
tt0093713,88%
tt0117318,88%
tt0060827,91%
tt0114117,86%
tt0067571,NA
tt0063426,86%
tt0032904,100%
tt0253474,95%
tt0107822,91%
tt0046187,92%
tt0114134,67%
tt0053172,93%
tt0057413,89%
tt0032910,100%
tt0082912,93%
tt0043924,81%
tt0087921,89%
tt0091763,87%
tt0067588,84%
tt0105151,98%
tt0062136,98%
tt0062138,92%
tt0084516,87%
tt0117359,91%
tt0110877,94%
tt0038854,89%
tt0078111,71%
tt0032943,100%
tt0035211,94%
tt0082945,92%
tt0048512,63%
tt0024473,95%
tt0089841,85%
tt0063462,90%
tt0054215,96%
tt0022286,100%
tt0110912,92%
tt0089853,92%
tt0030637,94%
tt0079766,100%
tt0045061,91%
tt0081398,94%
tt0082971,95%
tt0095953,89%
tt0101640,96%
tt0093822,91%
tt0089881,96%
tt0102757,67%
tt0042876,98%
tt0089885,94%
tt0047396,98%
tt0032976,100%
tt0048545,92%
tt0111495,100%
tt0043961,86%
tt0040724,100%
tt0040725,97%
tt0082979,89%
tt0107943,95%
tt0087995,98%
tt0059646,95%
tt0105236,92%
tt0084589,100%
tt0084591,100%
tt0100486,92%
tt0049674,84%
tt0056412,94%
tt0048021,92%
tt0086197,96%
tt0086200,92%
tt0091860,88%
tt0082694,94%
tt0093870,90%
tt0054248,89%
tt0098213,100%
tt0046250,97%
tt0028203,78%
tt0063518,95%
tt0053226,100%
tt0091867,100%
tt0048563,63%
tt0063522,96%
tt0090557,96%
tt0026955,100%
tt0031885,96%
tt0069198,83%
tt0128445,90%
tt0091877,93%
tt0036323,100%
tt0096028,93%
tt0064921,100%
tt0056443,100%
tt0047445,100%
tt0054269,87%
tt0076666,82%
tt0120815,93%
tt0098258,98%
tt0050933,93%
tt0070644,91%
tt0108052,98%
tt0026970,NA
tt0040765,100%
tt0049730,96%
tt0088074,77%
tt0117589,95%
tt0114388,97%
tt0034167,88%
tt0070666,90%
tt0057490,89%
tt0041859,83%
tt0075040,68%
tt0047472,89%
tt0042949,100%
tt0047478,100%
tt0058578,NA
tt0048605,87%
tt0050976,94%
tt0098724,96%
tt0203119,87%
tt0036342,100%
tt0067741,88%
tt0138097,92%
tt0046303,97%
tt0041866,92%
tt0091943,100%
tt0091939,91%
tt0081505,85%
tt0059712,72%
tt0090015,100%
tt0057495,95%
tt0038913,100%
tt0054389,90%
tt0088111,100%
tt0075213,87%
tt0033045,100%
tt0059527,100%
tt0058586,94%
tt0126029,88%
tt0091954,88%
tt0057611,88%
tt0102926,96%
tt0049518,NA
tt0050972,100%
tt0086312,76%
tt0045152,100%
tt0040795,NA
tt0070707,100%
tt0030764,80%
tt0083096,100%
tt0073722,100%
tt0048641,100%
tt0040806,100%
tt0029583,NA
tt0053291,94%
tt0066904,100%
tt0059742,83%
tt0052225,82%
tt0054331,93%
tt0038109,85%
tt0038975,87%
tt0245429,97%
tt0055471,78%
tt0029604,96%
tt0031971,100%
tt0038733,97%
tt0046359,97%
tt0029606,100%
tt0084726,86%
tt0076759,92%
tt0088172,85%
tt0031976,90%
tt0024610,NA
tt0078321,67%
tt0062695,96%
tt0088178,100%
tt0096180,78%
tt0073114,92%
tt0038120,77%
tt0105197,86%
tt0096336,82%
tt0250081,53%
tt0047528,98%
tt0166896,95%
tt0078326,82%
tt0088184,96%
tt0044079,98%
tt0067800,81%
tt0044081,97%
tt0075276,95%
tt0053318,68%
tt0072226,85%
tt0034240,100%
tt0091830,93%
tt0048673,89%
tt0067805,86%
tt0055910,55%
tt0043014,98%
tt0034248,97%
tt0120255,98%
tt0051036,98%
tt0067810,72%
tt0073817,60%
tt0028333,97%
tt0072251,100%
tt0287467,91%
tt0092048,100%
tt0120265,84%
tt0055506,89%
tt0075314,96%
tt0093502,75%
tt0095597,NA
tt0065079,73%
tt0078721,68%
tt0049833,86%
tt0086423,84%
tt0048705,67%
tt0086425,78%
tt0040866,82%
tt0080009,81%
tt0075824,97%
tt0092079,53%
tt0103074,85%
tt0028356,100%
tt0040872,96%
tt0065088,85%
tt0038160,91%
tt0029658,NA
tt0033152,100%
tt0096257,100%
tt0025878,98%
tt0120863,81%
tt0079083,90%
tt0041959,99%
tt0026029,96%
tt0108328,92%
tt0088258,95%
tt0064861,88%
tt0057578,95%
tt0030865,100%
tt0073802,88%
tt0050613,95%
tt0042040,96%
tt0078875,84%
tt0035446,96%
tt0048728,94%
tt0037382,97%
tt0056592,93%
tt0110081,86%
tt0046438,100%
tt0057590,82%
tt0084805,90%
tt0027125,100%
tt0065112,69%
tt0058672,90%
tt0100802,82%
tt0052311,95%
tt0114709,100%
tt0181865,92%
tt0059825,93%
tt0117951,91%
tt0040897,100%
tt0038190,94%
tt0077138,94%
tt0090203,100%
tt0066491,97%
tt0023622,89%
tt0048750,87%
tt0065126,89%
tt0098528,63%
tt0103130,80%
tt0054412,75%
tt0050083,100%
tt0041996,96%
tt0025919,86%
tt0066989,88%
tt0062622,92%
tt0054749,88%
tt0046478,100%
tt0069436,90%
tt0045274,97%
tt0096332,85%
tt0105695,96%
tt0114814,88%
tt0111590,89%
tt0084855,89%
tt0052357,94%
tt0086541,78%
tt0078467,78%
tt0055601,96%
tt0045296,61%
tt0039969,NA
tt0046268,100%
tt0243017,81%
tt0067959,84%
tt0038235,NA
tt0059894,93%
tt0098621,85%
tt0080120,87%
tt0036515,80%
tt0105789,94%
tt0070903,63%
tt0062480,93%
tt0114906,90%
tt0033603,100%
tt0055614,93%
tt0094315,64%
tt0056687,92%
tt0108550,90%
tt0069495,89%
tt0098635,91%
tt0042041,97%
tt0096438,97%
tt0061184,95%
tt0065214,90%
tt0064285,100%
tt0111019,100%
tt0050986,94%
tt0037465,89%
tt0093191,98%
tt0080140,88%
tt0032138,98%
tt0058625,100%
tt0035567,89%
tt0032143,94%
tt0066579,NA
tt0095675,90%
tt0066580,100%
tt0096463,84%
tt0052572,96%
tt0058756,91%
tt0049966,83%
tt0032145,96%
tt0035575,90%
tt0086617,88%
tt0039111,100%
tt0063823,95%
tt0244316,NA
tt0055630,95%
tt0203230,95%
tt0029808,100%
tt0072431,94%
tt0032155,100%
tt0245574,92%
tt0065234,94%
tt0024803,93%
